id,img_timestamp,pose_timestamp,img_path,lat_deg,lon_deg,alt_m,x_m,y_m,z_m,roll_rad,pitch_rad,yaw_rad,toggle_enabled
0,1776713527.78023,1776713528.3467176,/home/sylva0/on_board/logs/images/0000000000.jpg,35.7686363,-78.6627156,10.235,-21.455705642700195,-29.456722259521484,-10.235891342163086,-0.024879202246665955,0.01871272549033165,1.1090774536132812,1
1,1776713529.0439196,1776713529.624106,/home/sylva0/on_board/logs/images/0000000001.jpg,35.7686422,-78.662704,10.201,-20.796091079711914,-28.408870697021484,-10.201537132263184,0.009981263428926468,0.041135016828775406,1.116607904434204,1
2,1776713530.2345278,1776713530.8157592,/home/sylva0/on_board/logs/images/0000000002.jpg,35.7686445,-78.6626938,10.195,-20.542173385620117,-27.48822021484375,-10.195548057556152,-0.035226091742515564,0.018639370799064636,1.035687804222107,1
3,1776713531.466763,1776713532.0873733,/home/sylva0/on_board/logs/images/0000000003.jpg,35.7686487,-78.6626816,10.183,-20.076919555664062,-26.386667251586914,-10.183296203613281,-0.054057128727436066,0.03162740543484688,1.0154643058776855,1
4,1776713532.671883,1776713533.2220073,/home/sylva0/on_board/logs/images/0000000004.jpg,35.7686537,-78.66267,10.215,-19.525053024291992,-25.33632469177246,-10.215611457824707,-0.07181617617607117,0.028230737894773483,1.0477021932601929,1
5,1776713533.8760986,1776713534.4762938,/home/sylva0/on_board/logs/images/0000000005.jpg,35.7686589,-78.6626598,10.22,-18.943471908569336,-24.41585350036621,-10.220039367675781,-0.07378114759922028,0.06540925800800323,1.0420669317245483,1
6,1776713535.1106842,1776713535.7137578,/home/sylva0/on_board/logs/images/0000000006.jpg,35.7686628,-78.6626502,10.262,-18.506053924560547,-23.55466651916504,-10.26241397857666,-0.08732116967439651,0.02406710386276245,0.9767255783081055,1
7,1776713536.417377,1776713537.0853674,/home/sylva0/on_board/logs/images/0000000007.jpg,35.768669,-78.6626392,10.299,-17.81732940673828,-22.559349060058594,-10.299057960510254,-0.047735705971717834,0.023731179535388947,0.9999772906303406,1
8,1776713537.6709652,1776713538.2178195,/home/sylva0/on_board/logs/images/0000000008.jpg,35.7686746,-78.6626272,10.288,-17.19021987915039,-21.470504760742188,-10.288444519042969,-0.06453869491815567,0.023943215608596802,1.0525721311569214,1
9,1776713538.794248,1776713539.33519,/home/sylva0/on_board/logs/images/0000000009.jpg,35.7686792,-78.6626183,10.247,-16.682910919189453,-20.67037010192871,-10.24789047241211,-0.03855431079864502,0.011499423533678055,1.0853997468948364,1
10,1776713539.9512877,1776713540.5393157,/home/sylva0/on_board/logs/images/0000000010.jpg,35.768685,-78.6626055,10.246,-16.03791046142578,-19.5172176361084,-10.246667861938477,-0.03548929840326309,0.020347632467746735,1.0930039882659912,1
11,1776713541.1293225,1776713541.6823726,/home/sylva0/on_board/logs/images/0000000011.jpg,35.7686893,-78.662595,10.269,-15.558682441711426,-18.5645751953125,-10.269698143005371,-0.047575511038303375,0.006130026653409004,1.0824636220932007,1
12,1776713542.3179798,1776713542.9204133,/home/sylva0/on_board/logs/images/0000000012.jpg,35.7686929,-78.6625817,10.284,-15.154035568237305,-17.36053466796875,-10.284536361694336,-0.05590522289276123,0.024726346135139465,1.1372933387756348,1
13,1776713543.5624142,1776713544.167351,/home/sylva0/on_board/logs/images/0000000013.jpg,35.7686987,-78.6625728,10.253,-14.506155967712402,-16.55877113342285,-10.253613471984863,0.012824781239032745,0.039882294833660126,1.0795140266418457,1
14,1776713544.7892387,1776713545.3794641,/home/sylva0/on_board/logs/images/0000000014.jpg,35.7687022,-78.6625613,10.188,-14.12621784210205,-15.525317192077637,-10.188291549682617,-0.07415200769901276,0.030652429908514023,1.0508371591567993,1
15,1776713546.006237,1776713546.5966582,/home/sylva0/on_board/logs/images/0000000015.jpg,35.7687075,-78.6625496,10.172,-13.528207778930664,-14.464261054992676,-10.172943115234375,-0.058092355728149414,0.011120293289422989,1.0133057832717896,1
16,1776713547.2204463,1776713547.8138964,/home/sylva0/on_board/logs/images/0000000016.jpg,35.7687117,-78.6625403,10.217,-13.063573837280273,-13.623948097229004,-10.217962265014648,-0.07280982285737991,0.0023986250162124634,1.0171982049942017,1
17,1776713548.4485822,1776713549.051902,/home/sylva0/on_board/logs/images/0000000017.jpg,35.7687177,-78.6625279,10.256,-12.395940780639648,-12.508883476257324,-10.256429672241211,-0.0641045868396759,0.025291718542575836,1.0601171255111694,1
18,1776713549.682605,1776713550.2714274,/home/sylva0/on_board/logs/images/0000000018.jpg,35.7687238,-78.6625151,10.204,-11.71914005279541,-11.34800910949707,-10.204536437988281,-0.07935194671154022,0.036480613052845,1.026485800743103,1
19,1776713550.884079,1776713551.467104,/home/sylva0/on_board/logs/images/0000000019.jpg,35.7687286,-78.6625049,10.223,-11.179506301879883,-10.429435729980469,-10.22386646270752,-0.04605817049741745,0.024577923119068146,1.0500000715255737,1
20,1776713552.0971937,1776713552.6954734,/home/sylva0/on_board/logs/images/0000000020.jpg,35.7687347,-78.6624922,10.178,-10.495387077331543,-9.261184692382812,-10.17780876159668,-0.014858982525765896,0.029814638197422028,1.0555894374847412,1
21,1776713553.3302076,1776713553.9337301,/home/sylva0/on_board/logs/images/0000000021.jpg,35.7687391,-78.6624825,10.153,-10.00869369506836,-8.401552200317383,-10.153363227844238,-0.013438418507575989,0.02198970690369606,1.100683331489563,1
22,1776713554.5716174,1776713555.1757495,/home/sylva0/on_board/logs/images/0000000022.jpg,35.7687433,-78.6624681,10.093,-9.54228687286377,-7.106500148773193,-10.093731880187988,-0.07244117558002472,0.021308019757270813,1.0631000995635986,1
23,1776713555.9589443,1776713556.7112849,/home/sylva0/on_board/logs/images/0000000023.jpg,35.7687494,-78.662456,10.148,-9.051912307739258,-6.2176737785339355,-10.144002914428711,-0.038555391132831573,0.021438822150230408,1.129699945449829,1
24,1776713557.3374705,1776713557.914665,/home/sylva0/on_board/logs/images/0000000024.jpg,35.7687556,-78.6624444,10.167,-8.17265510559082,-4.960504055023193,-10.16734504699707,-0.010293493047356606,0.0006672516465187073,1.1217342615127563,1
25,1776713558.540173,1776713559.1287527,/home/sylva0/on_board/logs/images/0000000025.jpg,35.7687598,-78.6624308,10.164,-7.710092067718506,-3.7373485565185547,-10.164807319641113,-0.04426611214876175,-0.006887202151119709,1.0678026676177979,1
26,1776713559.7723455,1776713560.3782303,/home/sylva0/on_board/logs/images/0000000026.jpg,35.7687641,-78.6624199,10.214,-7.222824573516846,-2.7359695434570312,-10.21537971496582,-0.05329330265522003,0.0029873475432395935,1.1425806283950806,1
27,1776713560.9938188,1776713561.5744054,/home/sylva0/on_board/logs/images/0000000027.jpg,35.7687713,-78.6624072,10.22,-6.433008193969727,-1.6041655540466309,-10.22043228149414,0.010547911748290062,0.033471692353487015,1.1048598289489746,1
28,1776713562.2095532,1776713562.8082826,/home/sylva0/on_board/logs/images/0000000028.jpg,35.7687761,-78.6623953,10.196,-5.890505790710449,-0.5181742310523987,-10.196681022644043,0.005186829715967178,0.006936423480510712,1.1140903234481812,1
29,1776713563.435135,1776713564.031159,/home/sylva0/on_board/logs/images/0000000029.jpg,35.7687795,-78.662385,10.205,-5.517520427703857,0.4101741313934326,-10.205345153808594,-0.017276914790272713,0.00408538244664669,1.0733857154846191,1
30,1776713564.6739783,1776713565.2799454,/home/sylva0/on_board/logs/images/0000000030.jpg,35.7687841,-78.6623718,10.197,-5.008878231048584,1.6059328317642212,-10.197761535644531,-0.037610817700624466,0.019770801067352295,1.080511212348938,1
31,1776713565.925169,1776713566.5338304,/home/sylva0/on_board/logs/images/0000000031.jpg,35.7687896,-78.6623622,10.157,-4.3909125328063965,2.465947151184082,-10.157456398010254,0.08767466992139816,0.021834317594766617,1.8739100694656372,1
32,1776713567.1411529,1776713567.703893,/home/sylva0/on_board/logs/images/0000000032.jpg,35.7687877,-78.6623573,10.174,-4.601742744445801,2.9097352027893066,-10.174993515014648,0.03760314732789993,-0.08646243810653687,2.792827844619751,1
33,1776713568.406367,1776713569.0772262,/home/sylva0/on_board/logs/images/0000000033.jpg,35.7687775,-78.662349,10.138,-5.738996982574463,3.6589465141296387,-10.138431549072266,0.02942183054983616,-0.041813574731349945,2.518404245376587,1
34,1776713569.7131147,1776713570.309315,/home/sylva0/on_board/logs/images/0000000034.jpg,35.7687652,-78.6623424,10.224,-7.1131696701049805,4.262665271759033,-10.224913597106934,0.0067922193557024,-0.03448176011443138,2.5973992347717285,1
35,1776713570.9359431,1776713571.5244052,/home/sylva0/on_board/logs/images/0000000035.jpg,35.7687549,-78.662337,10.003,-8.13221549987793,4.714760780334473,-10.046875953674316,0.11549697071313858,0.014980033040046692,-2.8648054599761963,1
36,1776713572.140263,1776713572.720245,/home/sylva0/on_board/logs/images/0000000036.jpg,35.7687537,-78.6623402,10.037,-8.386366844177246,4.456844806671143,-10.037848472595215,-0.05233047902584076,-0.07453984022140503,-1.8641908168792725,1
37,1776713573.3606043,1776713573.9629552,/home/sylva0/on_board/logs/images/0000000037.jpg,35.7687484,-78.66235,10.076,-8.975481986999512,3.5692901611328125,-10.076807975769043,-0.012866131961345673,-0.0877823680639267,-2.152070999145508,1
38,1776713574.590806,1776713575.1857636,/home/sylva0/on_board/logs/images/0000000038.jpg,35.7687436,-78.6623597,10.213,-9.51555061340332,2.693984031677246,-10.213998794555664,-0.0020699109882116318,-0.08180966228246689,-2.057720422744751,1
39,1776713575.8239045,1776713576.4090147,/home/sylva0/on_board/logs/images/0000000039.jpg,35.768737,-78.6623732,10.291,-10.24148941040039,1.4753729104995728,-10.291810989379883,0.00766502320766449,-0.08123030513525009,-2.105752944946289,1
40,1776713577.0524797,1776713577.662643,/home/sylva0/on_board/logs/images/0000000040.jpg,35.7687312,-78.662386,10.232,-10.890729904174805,0.3166199326515198,-10.232897758483887,0.017276819795370102,-0.07150382548570633,-2.0954625606536865,1
41,1776713578.3147476,1776713578.9336152,/home/sylva0/on_board/logs/images/0000000041.jpg,35.7687276,-78.6623964,10.16,-11.298600196838379,-0.6173976063728333,-10.160224914550781,-0.015205596573650837,-0.07916685938835144,-2.0992636680603027,1
42,1776713579.5773501,1776713580.1834004,/home/sylva0/on_board/logs/images/0000000042.jpg,35.7687207,-78.6624087,10.026,-12.061713218688965,-1.7361221313476562,-10.02672290802002,0.033470094203948975,-0.06521935760974884,-2.1202797889709473,1
43,1776713580.824349,1776713581.4328852,/home/sylva0/on_board/logs/images/0000000043.jpg,35.7687145,-78.6624212,10.14,-12.749714851379395,-2.8644018173217773,-10.140787124633789,0.011343158781528473,-0.04662909358739853,-2.0986266136169434,1
44,1776713582.255324,1776713583.055763,/home/sylva0/on_board/logs/images/0000000044.jpg,35.7687094,-78.6624339,10.086,-13.32067584991455,-4.017587184906006,-10.086851119995117,0.013502728193998337,-0.0670810118317604,-2.1264562606811523,1
45,1776713583.8315659,1776713584.4514759,/home/sylva0/on_board/logs/images/0000000045.jpg,35.7687035,-78.6624496,9.967,-13.972640991210938,-5.436756134033203,-9.967005729675293,-0.036626994609832764,-0.060515981167554855,-2.0990819931030273,1
46,1776713585.118501,1776713585.747368,/home/sylva0/on_board/logs/images/0000000046.jpg,35.7686967,-78.6624596,10.102,-14.737069129943848,-6.336360931396484,-10.102158546447754,0.020213348791003227,-0.08000975847244263,-2.0688893795013428,1
47,1776713586.3861065,1776713586.9851718,/home/sylva0/on_board/logs/images/0000000047.jpg,35.7686922,-78.6624709,10.164,-15.232848167419434,-7.353275775909424,-10.164008140563965,-0.02350742369890213,-0.07575584948062897,-2.080134153366089,1
48,1776713587.5886836,1776713588.1599917,/home/sylva0/on_board/logs/images/0000000048.jpg,35.7686886,-78.6624798,10.197,-15.629903793334961,-8.160496711730957,-10.197358131408691,-0.014930346049368382,-0.09849177300930023,-2.0765180587768555,1
49,1776713588.7921195,1776713589.384414,/home/sylva0/on_board/logs/images/0000000049.jpg,35.768684,-78.6624916,10.1,-16.14693260192871,-9.228094100952148,-10.100050926208496,-0.037950288504362106,-0.09510661661624908,-2.0614991188049316,1
50,1776713590.0094562,1776713590.6037052,/home/sylva0/on_board/logs/images/0000000050.jpg,35.7686772,-78.6625014,10.025,-16.901466369628906,-10.112849235534668,-10.02510929107666,0.0025912048295140266,-0.05337822809815407,-2.0885486602783203,1
51,1776713591.2394753,1776713591.8441222,/home/sylva0/on_board/logs/images/0000000051.jpg,35.7686719,-78.6625136,10.051,-17.49277114868164,-11.21015739440918,-10.051977157592773,-0.029543206095695496,-0.07579527050256729,-2.075540542602539,1
52,1776713592.4654756,1776713593.0495007,/home/sylva0/on_board/logs/images/0000000052.jpg,35.7686652,-78.6625253,10.152,-18.23486328125,-12.269550323486328,-10.152047157287598,0.007305428385734558,-0.07440537214279175,-2.1310060024261475,1
53,1776713593.665248,1776713594.2484074,/home/sylva0/on_board/logs/images/0000000053.jpg,35.7686604,-78.6625356,10.125,-18.789125442504883,-13.217524528503418,-10.123153686523438,0.0018297834321856499,-0.07102090865373611,-2.1080522537231445,1
54,1776713595.086857,1776713595.9119744,/home/sylva0/on_board/logs/images/0000000054.jpg,35.768655,-78.662549,10.038,-19.377819061279297,-14.413290023803711,-10.038202285766602,-0.0353623628616333,-0.05968697369098663,-2.0587234497070312,1
55,1776713596.6169853,1776713597.158482,/home/sylva0/on_board/logs/images/0000000055.jpg,35.7686478,-78.6625632,10.146,-20.17620086669922,-15.697957992553711,-10.146857261657715,-0.009667925536632538,-0.05951136723160744,-2.0630621910095215,1
56,1776713597.793653,1776713598.3973396,/home/sylva0/on_board/logs/images/0000000056.jpg,35.768641,-78.6625746,10.173,-20.931161880493164,-16.727319717407227,-10.173871040344238,0.018389509990811348,-0.07149787247180939,-2.124478816986084,1
57,1776713599.0541964,1776713599.681112,/home/sylva0/on_board/logs/images/0000000057.jpg,35.7686371,-78.6625843,10.227,-21.364200592041016,-17.596315383911133,-10.227779388427734,-0.000608428381383419,-0.06575733423233032,-2.0821692943573,1
58,1776713600.3338368,1776713600.953372,/home/sylva0/on_board/logs/images/0000000058.jpg,35.768631,-78.6625972,10.191,-22.043983459472656,-18.76262855529785,-10.191630363464355,0.01648024655878544,-0.09377770125865936,-2.1501715183258057,1
59,1776713601.5831668,1776713602.178241,/home/sylva0/on_board/logs/images/0000000059.jpg,35.7686255,-78.6626091,10.122,-22.660633087158203,-19.84258460998535,-10.12285041809082,0.005350405350327492,-0.1087820827960968,-2.0939793586730957,1
60,1776713602.7928324,1776713603.3788514,/home/sylva0/on_board/logs/images/0000000060.jpg,35.7686221,-78.6626155,10.245,-23.03534698486328,-20.41740608215332,-10.245737075805664,-0.0030985288321971893,-0.16163454949855804,-2.0627546310424805,1
61,1776713604.0190601,1776713604.6143064,/home/sylva0/on_board/logs/images/0000000061.jpg,35.7686158,-78.6626262,10.23,-23.744081497192383,-21.38051986694336,-10.230691909790039,0.019788971170783043,-0.16735011339187622,-2.069547653198242,1
62,1776713605.2220697,1776713605.8000236,/home/sylva0/on_board/logs/images/0000000062.jpg,35.7686114,-78.6626387,10.079,-24.229843139648438,-22.51671028137207,-10.079984664916992,-0.021707359701395035,-0.15416096150875092,-2.1042640209198,1
63,1776713606.4468718,1776713607.059403,/home/sylva0/on_board/logs/images/0000000063.jpg,35.7686072,-78.6626491,10.011,-24.69295310974121,-23.452037811279297,-10.01148796081543,-0.029208805412054062,-0.14062251150608063,-2.099008083343506,1
64,1776713607.7014737,1776713608.2996924,/home/sylva0/on_board/logs/images/0000000064.jpg,35.7686009,-78.6626615,9.932,-25.396055221557617,-24.569683074951172,-9.93276596069336,-0.0031642308458685875,-0.10297761857509613,-2.115222454071045,1
65,1776713608.922399,1776713609.5107665,/home/sylva0/on_board/logs/images/0000000065.jpg,35.7685959,-78.6626718,9.966,-25.958126068115234,-25.504161834716797,-9.966341018676758,-0.02468634769320488,-0.0902421772480011,-2.091947317123413,1
66,1776713610.1249285,1776713610.7071073,/home/sylva0/on_board/logs/images/0000000066.jpg,35.7685901,-78.6626843,9.964,-26.599611282348633,-26.628450393676758,-9.964505195617676,-0.03827185183763504,-0.13097186386585236,-2.1127476692199707,1
67,1776713611.3617024,1776713611.9832406,/home/sylva0/on_board/logs/images/0000000067.jpg,35.7685828,-78.6626962,9.861,-27.417627334594727,-27.70447540283203,-9.861732482910156,0.030533140525221825,-0.0927906483411789,-2.176731586456299,1
68,1776713612.6537106,1776713613.285111,/home/sylva0/on_board/logs/images/0000000068.jpg,35.7685775,-78.6627066,9.847,-28.00196647644043,-28.646337509155273,-9.847498893737793,0.05399639904499054,-0.07261581718921661,-2.205759286880493,1
69,1776713613.90872,1776713614.500675,/home/sylva0/on_board/logs/images/0000000069.jpg,35.7685729,-78.6627207,9.883,-28.51129913330078,-29.923166275024414,-9.883377075195312,0.005720527842640877,-0.07393607497215271,-2.1659176349639893,1
70,1776713615.1474724,1776713615.7610643,/home/sylva0/on_board/logs/images/0000000070.jpg,35.7685684,-78.6627336,10.001,-29.016521453857422,-31.085792541503906,-10.001899719238281,-0.00860000029206276,-0.10352660715579987,-2.1059162616729736,1
71,1776713616.4503543,1776713617.0920153,/home/sylva0/on_board/logs/images/0000000071.jpg,35.7685638,-78.6627396,10.215,-29.525798797607422,-31.625568389892578,-10.215439796447754,0.05513159930706024,-0.14212876558303833,-2.049088954925537,1
72,1776713617.7775025,1776713618.4278407,/home/sylva0/on_board/logs/images/0000000072.jpg,35.768557,-78.6627495,10.133,-30.27891731262207,-32.522544860839844,-10.133334159851074,0.07378096133470535,-0.08407443761825562,-2.15750789642334,1
73,1776713619.0897217,1776713619.7124803,/home/sylva0/on_board/logs/images/0000000073.jpg,35.7685492,-78.6627625,10.014,-31.15753936767578,-33.69640350341797,-10.014361381530762,0.04555847495794296,-0.029509976506233215,-2.6084847450256348,1
74,1776713620.3835583,1776713621.0223377,/home/sylva0/on_board/logs/images/0000000074.jpg,35.7685414,-78.6627616,10.354,-32.016475677490234,-33.61573791503906,-10.354952812194824,0.003163618966937065,0.02265588566660881,2.617340087890625,1
75,1776713621.6085012,1776713622.1624045,/home/sylva0/on_board/logs/images/0000000075.jpg,35.7685324,-78.6627551,10.016,-33.022010803222656,-33.0250358581543,-10.016321182250977,0.04772350937128067,0.019742395728826523,2.838395357131958,1
76,1776713622.7458,1776713623.2958114,/home/sylva0/on_board/logs/images/0000000076.jpg,35.7685257,-78.6627513,9.978,-33.77134323120117,-32.680503845214844,-9.978089332580566,0.018172327429056168,0.007742380723357201,2.800187110900879,1
77,1776713623.8431659,1776713624.353992,/home/sylva0/on_board/logs/images/0000000077.jpg,35.7685192,-78.6627471,10.034,-34.49161911010742,-32.30229187011719,-10.034613609313965,0.025024564936757088,0.007329396903514862,2.713710069656372,1
78,1776713624.9180841,1776713625.4520624,/home/sylva0/on_board/logs/images/0000000078.jpg,35.7685129,-78.6627432,9.979,-35.198944091796875,-31.94797134399414,-9.979705810546875,0.029185814782977104,-0.0020811278373003006,2.7223215103149414,1
79,1776713626.0241184,1776713626.5662484,/home/sylva0/on_board/logs/images/0000000079.jpg,35.7685075,-78.6627394,9.947,-35.8054313659668,-31.599811553955078,-9.947997093200684,0.03583788126707077,-0.040030740201473236,2.665266513824463,1
80,1776713627.14443,1776713627.6876452,/home/sylva0/on_board/logs/images/0000000080.jpg,35.7685006,-78.6627363,10.1,-36.56487274169922,-31.325618743896484,-10.100110054016113,-0.03449510037899017,-0.0014940332621335983,2.449998378753662,1
81,1776713628.2528727,1776713628.786879,/home/sylva0/on_board/logs/images/0000000081.jpg,35.7684974,-78.6627253,10.101,-36.921722412109375,-30.338560104370117,-10.101523399353027,-0.06567969918251038,0.015340864658355713,1.166083812713623,1
82,1776713629.3558574,1776713629.8886724,/home/sylva0/on_board/logs/images/0000000082.jpg,35.7684998,-78.6627154,10.014,-36.6516227722168,-29.43913459777832,-10.01400375366211,-0.08481646329164505,0.00035413913428783417,0.9126688838005066,1
83,1776713630.4658551,1776713631.0080807,/home/sylva0/on_board/logs/images/0000000083.jpg,35.7685054,-78.6627067,10.064,-36.02467346191406,-28.652263641357422,-10.064103126525879,-0.06429806351661682,0.021569468080997467,1.0066338777542114,1
84,1776713631.6002164,1776713632.1610334,/home/sylva0/on_board/logs/images/0000000084.jpg,35.7685104,-78.6626965,10.151,-35.472450256347656,-27.734745025634766,-10.151280403137207,-0.07925038784742355,0.017087358981370926,0.9473711848258972,1
85,1776713632.7251935,1776713633.2563236,/home/sylva0/on_board/logs/images/0000000085.jpg,35.7685167,-78.6626891,10.075,-34.769630432128906,-27.06409454345703,-10.075186729431152,-0.03143586963415146,-0.01644289121031761,0.9909708499908447,1
86,1776713633.8201544,1776713634.3522615,/home/sylva0/on_board/logs/images/0000000086.jpg,35.7685215,-78.6626814,10.232,-34.22382354736328,-26.355907440185547,-10.23127269744873,-0.02331552281975746,0.020000163465738297,1.0280649662017822,1
87,1776713634.9243927,1776713635.468896,/home/sylva0/on_board/logs/images/0000000087.jpg,35.7685248,-78.6626729,10.03,-33.868072509765625,-25.604896545410156,-10.030879020690918,-0.07457245886325836,-0.016069047152996063,1.0879037380218506,1
88,1776713636.3693457,1776713637.2237296,/home/sylva0/on_board/logs/images/0000000088.jpg,35.7685287,-78.6626606,9.888,-33.433658599853516,-24.488256454467773,-9.88845443725586,-0.05803123861551285,-0.02060593292117119,0.9669238924980164,1
89,1776713637.818359,1776713638.3661404,/home/sylva0/on_board/logs/images/0000000089.jpg,35.768535,-78.6626449,9.937,-32.73263931274414,-23.07647132873535,-9.937702178955078,-0.024564052000641823,0.029969092458486557,1.0292054414749146,1
90,1776713638.93251,1776713639.4682882,/home/sylva0/on_board/logs/images/0000000090.jpg,35.7685412,-78.6626313,10.059,-32.043212890625,-21.842981338500977,-10.0598726272583,-0.09569399058818817,0.034581199288368225,1.0067678689956665,1
91,1776713640.038089,1776713640.5785046,/home/sylva0/on_board/logs/images/0000000091.jpg,35.7685457,-78.6626226,9.988,-31.541667938232422,-21.059860229492188,-9.988663673400879,-0.11060253530740738,0.02534821256995201,1.0020390748977661,1
92,1776713641.1461935,1776713641.6850374,/home/sylva0/on_board/logs/images/0000000092.jpg,35.7685507,-78.662616,9.992,-30.98558235168457,-20.460683822631836,-9.992366790771484,-0.04191502183675766,0.01880236342549324,1.0296154022216797,1
93,1776713642.2699158,1776713642.8254116,/home/sylva0/on_board/logs/images/0000000093.jpg,35.7685546,-78.6626039,9.889,-30.55479621887207,-19.36808204650879,-9.889579772949219,-0.05908695608377457,0.01742507889866829,1.0008233785629272,1
94,1776713643.383303,1776713643.9095874,/home/sylva0/on_board/logs/images/0000000094.jpg,35.7685587,-78.66259,9.935,-30.091968536376953,-18.11611557006836,-9.935193061828613,-0.11688276380300522,0.07172198593616486,0.9788554310798645,1
95,1776713644.4816525,1776713645.0217586,/home/sylva0/on_board/logs/images/0000000095.jpg,35.7685635,-78.6625794,9.916,-29.565610885620117,-17.155305862426758,-9.916226387023926,-0.09526564925909042,0.06495726108551025,1.0389906167984009,1
96,1776713645.5916905,1776713646.1268685,/home/sylva0/on_board/logs/images/0000000096.jpg,35.7685695,-78.6625685,9.913,-28.895421981811523,-16.175642013549805,-9.913969039916992,-0.07934147864580154,0.02765471860766411,0.9915001392364502,1
97,1776713646.6962442,1776713647.2383416,/home/sylva0/on_board/logs/images/0000000097.jpg,35.7685735,-78.6625605,9.966,-28.45027732849121,-15.447036743164062,-9.966611862182617,-0.07061680406332016,0.00958242267370224,0.9903157949447632,1
98,1776713647.8216093,1776713648.3720834,/home/sylva0/on_board/logs/images/0000000098.jpg,35.768579,-78.6625516,9.971,-27.838359832763672,-14.646154403686523,-9.971542358398438,-0.04448236525058746,0.015157092362642288,1.0540249347686768,1
99,1776713648.933504,1776713649.4614115,/home/sylva0/on_board/logs/images/0000000099.jpg,35.7685839,-78.6625408,10.012,-27.286008834838867,-13.667922973632812,-10.012824058532715,-0.057362645864486694,0.036129340529441833,1.0276026725769043,1
100,1776713650.0324123,1776713650.5761647,/home/sylva0/on_board/logs/images/0000000100.jpg,35.7685885,-78.6625293,9.979,-26.774826049804688,-12.628937721252441,-9.979913711547852,-0.07228554785251617,0.03592156246304512,1.0196391344070435,1
101,1776713651.144054,1776713651.6826947,/home/sylva0/on_board/logs/images/0000000101.jpg,35.7685922,-78.66252,10.013,-26.370826721191406,-11.794350624084473,-10.013778686523438,-0.09210136532783508,-0.0003515612334012985,1.049419641494751,1
102,1776713652.2555957,1776713652.7973137,/home/sylva0/on_board/logs/images/0000000102.jpg,35.7685972,-78.6625096,10.025,-25.8050479888916,-10.855875968933105,-10.025927543640137,-0.051838524639606476,0.009558036923408508,1.1369924545288086,1
103,1776713653.3621168,1776713653.8811362,/home/sylva0/on_board/logs/images/0000000103.jpg,35.7686032,-78.6624993,9.898,-25.136878967285156,-9.920721054077148,-9.898462295532227,-0.03007117472589016,-0.003825278952717781,1.0950113534927368,1
104,1776713654.4505644,1776713654.9866705,/home/sylva0/on_board/logs/images/0000000104.jpg,35.7686096,-78.662486,9.911,-24.42917251586914,-8.716387748718262,-9.91173267364502,-0.01377685647457838,0.02090633288025856,1.1666862964630127,1
105,1776713655.5608997,1776713656.1043894,/home/sylva0/on_board/logs/images/0000000105.jpg,35.7686133,-78.6624758,9.854,-24.019681930541992,-7.802009582519531,-9.854354858398438,-0.023190341889858246,0.007805567234754562,1.0623427629470825,1
106,1776713656.6908164,1776713657.2441263,/home/sylva0/on_board/logs/images/0000000106.jpg,35.7686177,-78.6624662,10.123,-23.53234100341797,-6.936365127563477,-10.123620986938477,0.014342198148369789,-0.009753427468240261,1.1218565702438354,1
107,1776713657.8151932,1776713658.34933,/home/sylva0/on_board/logs/images/0000000107.jpg,35.7686225,-78.6624555,10.001,-22.988990783691406,-5.963000774383545,-10.001062393188477,-0.05007447302341461,0.025666259229183197,1.0958889722824097,1
108,1776713658.9186697,1776713659.4581857,/home/sylva0/on_board/logs/images/0000000108.jpg,35.7686263,-78.6624449,9.942,-22.568281173706055,-5.005993843078613,-9.942309379577637,-0.036799993366003036,0.027304191142320633,1.0914199352264404,1
109,1776713660.0327504,1776713660.5771155,/home/sylva0/on_board/logs/images/0000000109.jpg,35.7686313,-78.6624318,9.934,-22.0115909576416,-3.827805995941162,-9.934261322021484,-0.06894250959157944,0.011994145810604095,1.1474378108978271,1
110,1776713661.4045334,1776713662.2022605,/home/sylva0/on_board/logs/images/0000000110.jpg,35.7686362,-78.662421,9.974,-21.46699333190918,-2.848006248474121,-9.974008560180664,-0.048717282712459564,0.010899178683757782,1.0610393285751343,1
111,1776713662.8556778,1776713663.4503174,/home/sylva0/on_board/logs/images/0000000111.jpg,35.7686427,-78.6624061,10.068,-20.743852615356445,-1.5028260946273804,-10.068411827087402,-0.08501017838716507,-0.013564065098762512,0.9072105884552002,1
112,1776713664.0414753,1776713664.5965931,/home/sylva0/on_board/logs/images/0000000112.jpg,35.7686495,-78.6623939,9.996,-19.989301681518555,-0.3952244520187378,-9.996670722961426,-0.10087510198354721,0.03401847928762436,0.9985429048538208,1
113,1776713665.1703453,1776713665.714785,/home/sylva0/on_board/logs/images/0000000113.jpg,35.768656,-78.6623834,9.82,-19.261516571044922,0.5549943447113037,-9.820737838745117,-0.06934957206249237,0.047069307416677475,1.0269567966461182,1
114,1776713666.6267343,1776713667.504655,/home/sylva0/on_board/logs/images/0000000114.jpg,35.7686624,-78.6623723,9.734,-18.535568237304688,1.5849229097366333,-9.72615909576416,-0.027015823870897293,0.09618780016899109,1.1648486852645874,1
115,1776713668.0756934,1776713668.600673,/home/sylva0/on_board/logs/images/0000000115.jpg,35.7686685,-78.6623566,9.815,-17.866687774658203,2.9746198654174805,-9.815069198608398,-0.03327590972185135,0.011115003377199173,1.0460749864578247,1
116,1776713669.1774635,1776713669.7094698,/home/sylva0/on_board/logs/images/0000000116.jpg,35.7686726,-78.6623471,9.862,-17.4210205078125,3.8372669219970703,-9.86214542388916,-0.037285368889570236,0.030082914978265762,1.0477027893066406,1
117,1776713670.2709303,1776713670.7990484,/home/sylva0/on_board/logs/images/0000000117.jpg,35.7686768,-78.6623365,9.901,-16.945838928222656,4.7880730628967285,-9.901724815368652,-0.035178400576114655,0.025020882487297058,1.0802505016326904,1
118,1776713671.3752713,1776713671.9231637,/home/sylva0/on_board/logs/images/0000000118.jpg,35.7686818,-78.6623272,9.869,-16.39629364013672,5.634126663208008,-9.8698148727417,-0.010762816295027733,0.02743653953075409,1.0866730213165283,1
119,1776713672.4860702,1776713673.0196495,/home/sylva0/on_board/logs/images/0000000119.jpg,35.7686867,-78.6623163,9.931,-15.851226806640625,6.616792678833008,-9.931195259094238,-0.0066648065112531185,0.05369577184319496,1.1168296337127686,1
120,1776713673.5942712,1776713674.131754,/home/sylva0/on_board/logs/images/0000000120.jpg,35.7686914,-78.6623016,9.968,-15.321044921875,7.943181037902832,-9.968048095703125,-0.012131355702877045,0.04886317625641823,1.1144014596939087,1
121,1776713674.7046556,1776713675.2420316,/home/sylva0/on_board/logs/images/0000000121.jpg,35.7686961,-78.6622931,10.072,-14.793693542480469,8.725946426391602,-10.075262069702148,0.014037290588021278,0.050558026880025864,1.0952210426330566,1
122,1776713675.8147073,1776713676.3546948,/home/sylva0/on_board/logs/images/0000000122.jpg,35.7686986,-78.6622861,10.07,-14.518438339233398,9.343290328979492,-10.070023536682129,0.10606785863637924,0.030821438878774643,1.8513599634170532,1
123,1776713676.9305205,1776713677.4733276,/home/sylva0/on_board/logs/images/0000000123.jpg,35.7686954,-78.6622841,10.034,-14.875524520874023,9.52607536315918,-10.034653663635254,0.07440207898616791,-0.11796016991138458,2.5680415630340576,1
124,1776713678.0563283,1776713678.6049085,/home/sylva0/on_board/logs/images/0000000124.jpg,35.7686906,-78.6622758,10.148,-15.414277076721191,10.276468276977539,-10.14818286895752,0.07697547972202301,-0.04348421096801758,2.4379196166992188,1
125,1776713679.16368,1776713679.6872253,/home/sylva0/on_board/logs/images/0000000125.jpg,35.7686818,-78.6622676,10.129,-16.391660690307617,11.011414527893066,-10.129283905029297,0.059786051511764526,-0.05903298407793045,2.4800682067871094,1
126,1776713680.671911,1776713681.6251464,/home/sylva0/on_board/logs/images/0000000126.jpg,35.7686705,-78.6622578,9.866,-17.647214889526367,11.904449462890625,-9.866194725036621,0.0539780855178833,-0.028334742411971092,2.4681973457336426,1
127,1776713682.621808,1776713683.5964444,/home/sylva0/on_board/logs/images/0000000127.jpg,35.7686556,-78.6622466,9.931,-19.30742645263672,12.912790298461914,-9.931675910949707,0.022694552317261696,-0.05292986333370209,2.551384449005127,1
128,1776713684.3338575,1776713684.8927212,/home/sylva0/on_board/logs/images/0000000128.jpg,35.7686433,-78.6622356,9.895,-20.67506217956543,13.905721664428711,-9.895928382873535,0.033043310046195984,-0.07627473026514053,2.5285191535949707,1
129,1776713685.470315,1776713686.0172567,/home/sylva0/on_board/logs/images/0000000129.jpg,35.7686345,-78.6622299,9.678,-21.651668548583984,14.422510147094727,-9.678818702697754,0.1136946901679039,0.0688372552394867,3.1335370540618896,1
130,1776713686.9608355,1776713687.8716836,/home/sylva0/on_board/logs/images/0000000130.jpg,35.7686324,-78.662234,9.754,-21.892898559570312,14.053110122680664,-9.754073143005371,-0.038570258766412735,-0.07799198478460312,-1.8430513143539429,1
131,1776713688.6313872,1776713689.1655881,/home/sylva0/on_board/logs/images/0000000131.jpg,35.7686214,-78.6622562,9.967,-23.117422103881836,12.045005798339844,-9.967406272888184,0.001023571938276291,-0.04631124064326286,-2.0121641159057617,1
132,1776713689.71802,1776713690.2418647,/home/sylva0/on_board/logs/images/0000000132.jpg,35.7686162,-78.6622671,9.9,-23.696550369262695,11.057076454162598,-9.900464057922363,-0.01863739639520645,-0.03964652121067047,-1.9965529441833496,1
133,1776713690.8143091,1776713691.3553555,/home/sylva0/on_board/logs/images/0000000133.jpg,35.7686104,-78.6622765,9.867,-24.33810806274414,10.209961891174316,-9.867891311645508,0.031107159331440926,-0.03978259861469269,-1.9982588291168213,1
134,1776713691.9289556,1776713692.4685905,/home/sylva0/on_board/logs/images/0000000134.jpg,35.7686064,-78.662287,9.846,-24.788835525512695,9.265966415405273,-9.846965789794922,0.009768027812242508,-0.087569460272789,-1.9635659456253052,1
135,1776713693.0386415,1776713693.5770276,/home/sylva0/on_board/logs/images/0000000135.jpg,35.7686036,-78.6622984,9.822,-25.102115631103516,8.235601425170898,-9.822334289550781,-0.013241815380752087,-0.07650473713874817,-2.0818142890930176,1
136,1776713694.1568332,1776713694.7018955,/home/sylva0/on_board/logs/images/0000000136.jpg,35.7685982,-78.6623091,9.785,-25.700815200805664,7.269425392150879,-9.785138130187988,0.032494254410266876,-0.06544733047485352,-2.1160802841186523,1
137,1776713695.262136,1776713695.7924597,/home/sylva0/on_board/logs/images/0000000137.jpg,35.7685955,-78.6623175,9.859,-25.998844146728516,6.508828163146973,-9.859519958496094,0.004553265869617462,-0.09565655887126923,-2.095731735229492,1
138,1776713696.3706315,1776713696.913763,/home/sylva0/on_board/logs/images/0000000138.jpg,35.7685914,-78.6623275,9.915,-26.45115852355957,5.607470989227295,-9.915364265441895,0.027658479288220406,-0.0821947231888771,-2.0575923919677734,1
139,1776713697.481668,1776713698.0217571,/home/sylva0/on_board/logs/images/0000000139.jpg,35.7685867,-78.6623384,10.015,-26.97547721862793,4.615952968597412,-10.015663146972656,-0.035726822912693024,-0.061766382306814194,-2.02078914642334,1
140,1776713698.5902958,1776713699.130304,/home/sylva0/on_board/logs/images/0000000140.jpg,35.7685825,-78.6623491,10.008,-27.448640823364258,3.6526565551757812,-10.008286476135254,-0.018526138737797737,-0.06409513205289841,-2.025141716003418,1
141,1776713699.8705359,1776713700.5823348,/home/sylva0/on_board/logs/images/0000000141.jpg,35.7685758,-78.6623611,10.054,-28.19430160522461,2.570296287536621,-10.054862022399902,0.02636108733713627,-0.05516599118709564,-2.058257579803467,1
142,1776713701.300683,1776713701.926542,/home/sylva0/on_board/logs/images/0000000142.jpg,35.7685718,-78.6623742,10.058,-28.637060165405273,1.3889449834823608,-10.058440208435059,-0.01418750174343586,-0.08057263493537903,-2.0645999908447266,1
143,1776713703.2238061,1776713703.5596795,/home/sylva0/on_board/logs/images/0000000143.jpg,35.7685624,-78.6623982,9.945,-29.680755615234375,-0.7897058129310608,-9.945392608642578,-0.03295610845088959,-0.05545409023761749,-2.0284647941589355,1
144,1776713704.2826502,1776713704.6721041,/home/sylva0/on_board/logs/images/0000000144.jpg,35.768557,-78.662408,9.894,-30.144826889038086,-1.4525132179260254,-9.891087532043457,0.005307439714670181,-0.0583546981215477,-2.032160758972168,1
145,1776713705.3400111,1776713705.7858768,/home/sylva0/on_board/logs/images/0000000145.jpg,35.7685531,-78.6624165,9.992,-30.729764938354492,-2.4560182094573975,-9.998198509216309,0.01457393541932106,-0.05491885170340538,-2.0678954124450684,1
146,1776713706.3962986,1776713706.8984077,/home/sylva0/on_board/logs/images/0000000146.jpg,35.7685493,-78.6624254,9.974,-31.146957397460938,-3.2513532638549805,-9.974170684814453,0.008610261604189873,-0.08652079105377197,-2.0272655487060547,1
147,1776713707.4842582,1776713708.0075371,/home/sylva0/on_board/logs/images/0000000147.jpg,35.7685444,-78.6624355,9.783,-31.68963050842285,-4.160512924194336,-9.783439636230469,0.00777825154364109,-0.068572998046875,-2.0498199462890625,1
148,1776713708.5699737,1776713709.101999,/home/sylva0/on_board/logs/images/0000000148.jpg,35.7685403,-78.6624461,9.813,-32.139381408691406,-5.118600368499756,-9.813532829284668,-0.02566371113061905,-0.06986850500106812,-2.027759075164795,1
149,1776713709.6744354,1776713710.2152758,/home/sylva0/on_board/logs/images/0000000149.jpg,35.7685351,-78.6624553,9.953,-32.72566604614258,-5.945849895477295,-9.953877449035645,-0.024045687168836594,-0.08865953981876373,-2.0158352851867676,1
150,1776713710.7892938,1776713711.3333294,/home/sylva0/on_board/logs/images/0000000150.jpg,35.7685296,-78.6624644,10.068,-33.33665466308594,-6.76790189743042,-10.068509101867676,0.040807679295539856,-0.1061037927865982,-2.041689872741699,1
151,1776713711.9046762,1776713712.4451685,/home/sylva0/on_board/logs/images/0000000151.jpg,35.7685265,-78.6624764,9.971,-33.67439270019531,-7.851889133453369,-9.971589088439941,-0.00441328901797533,-0.09863288700580597,-2.062105894088745,1
152,1776713713.0878181,1776713713.5534928,/home/sylva0/on_board/logs/images/0000000152.jpg,35.7685202,-78.6624905,9.655,-34.38291931152344,-9.12484359741211,-9.655574798583984,0.0566847026348114,-0.034700073301792145,-2.171098232269287,1
153,1776713714.146508,1776713714.6656506,/home/sylva0/on_board/logs/images/0000000153.jpg,35.7685161,-78.6624999,9.747,-34.83798599243164,-9.97979736328125,-9.747720718383789,0.04654955118894577,-0.04090472310781479,-2.134780168533325,1
154,1776713715.252527,1776713715.8102593,/home/sylva0/on_board/logs/images/0000000154.jpg,35.768512,-78.6625095,9.875,-35.297237396240234,-10.847023963928223,-9.875020027160645,0.047345712780952454,-0.06579916179180145,-2.1532890796661377,1
155,1776713716.3634214,1776713716.8833196,/home/sylva0/on_board/logs/images/0000000155.jpg,35.7685041,-78.6625183,10.264,-36.173954010009766,-11.642372131347656,-10.26437759399414,0.12116643041372299,-0.041582003235816956,-2.103564739227295,1
156,1776713717.458232,1776713718.0066218,/home/sylva0/on_board/logs/images/0000000156.jpg,35.7685037,-78.6625316,10.029,-36.221431732177734,-12.834977149963379,-10.029906272888184,-0.018562907353043556,-0.011468993499875069,-2.1236000061035156,1
157,1776713718.574141,1776713719.1050146,/home/sylva0/on_board/logs/images/0000000157.jpg,35.7684997,-78.6625398,9.734,-36.664939880371094,-13.582539558410645,-9.734646797180176,0.06607482582330704,-0.0728055089712143,-2.1028075218200684,1
158,1776713719.6823883,1776713720.2266946,/home/sylva0/on_board/logs/images/0000000158.jpg,35.7684931,-78.6625529,9.622,-37.3991584777832,-14.763367652893066,-9.62227725982666,0.08365143835544586,-0.05165497958660126,-2.0522384643554688,1
159,1776713720.8226204,1776713721.3809192,/home/sylva0/on_board/logs/images/0000000159.jpg,35.7684895,-78.6625651,9.713,-37.80308151245117,-15.862266540527344,-9.713257789611816,0.04801369458436966,-0.04318496212363243,-2.1178507804870605,1
160,1776713721.929792,1776713722.445169,/home/sylva0/on_board/logs/images/0000000160.jpg,35.7684861,-78.662575,9.75,-38.18133544921875,-16.755002975463867,-9.75003719329834,0.045389845967292786,-0.06068728491663933,-2.0969202518463135,1
161,1776713723.0133343,1776713723.553048,/home/sylva0/on_board/logs/images/0000000161.jpg,35.7684811,-78.6625838,9.817,-38.73793029785156,-17.557397842407227,-9.817445755004883,0.05160596966743469,-0.07927801460027695,-2.072040557861328,1
162,1776713724.1220806,1776713724.6625195,/home/sylva0/on_board/logs/images/0000000162.jpg,35.768476,-78.6625939,10.11,-39.306278228759766,-18.46360969543457,-10.110479354858398,0.06078869104385376,-0.051400285214185715,-2.1360507011413574,1
163,1776713725.2332704,1776713725.7756627,/home/sylva0/on_board/logs/images/0000000163.jpg,35.7684693,-78.6626077,10.169,-40.052764892578125,-19.73264503479004,-10.173636436462402,0.05212155729532242,-0.027944695204496384,-2.156200647354126,1
164,1776713726.3489537,1776713726.893156,/home/sylva0/on_board/logs/images/0000000164.jpg,35.7684655,-78.6626169,10.261,-40.47530746459961,-20.544477462768555,-10.261326789855957,0.06187867373228073,-0.0722489133477211,-2.075610399246216,1
165,1776713727.4580698,1776713727.9883778,/home/sylva0/on_board/logs/images/0000000165.jpg,35.7684611,-78.6626273,10.038,-40.9637451171875,-21.484004974365234,-10.038459777832031,0.049046628177165985,-0.056969210505485535,-2.0934946537017822,1
166,1776713728.557819,1776713729.091994,/home/sylva0/on_board/logs/images/0000000166.jpg,35.7684569,-78.6626383,9.917,-41.42232131958008,-22.473369598388672,-9.917417526245117,0.019596809521317482,-0.059146154671907425,-2.0518786907196045,1
167,1776713729.667088,1776713730.2130663,/home/sylva0/on_board/logs/images/0000000167.jpg,35.7684525,-78.6626502,9.936,-41.919471740722656,-23.553110122680664,-9.936347961425781,0.0032393652945756912,-0.03307333588600159,-2.0198540687561035,1
168,1776713730.7950854,1776713731.3467646,/home/sylva0/on_board/logs/images/0000000168.jpg,35.7684457,-78.662661,10.002,-42.56713104248047,-24.364030838012695,-9.952361106872559,0.061267003417015076,-0.07451338320970535,-2.0132522583007812,1
169,1776713731.9131691,1776713732.4460146,/home/sylva0/on_board/logs/images/0000000169.jpg,35.7684412,-78.662671,10.034,-43.1733283996582,-25.42888641357422,-10.034280776977539,0.033482134342193604,-0.0651172548532486,-2.0904364585876465,1
170,1776713733.0160856,1776713733.5477796,/home/sylva0/on_board/logs/images/0000000170.jpg,35.7684358,-78.6626803,10.122,-43.77357864379883,-26.268712997436523,-10.122671127319336,0.00843631662428379,0.006535399705171585,-2.29522442817688,1
171,1776713734.1159017,1776713734.653981,/home/sylva0/on_board/logs/images/0000000171.jpg,35.7684307,-78.6626845,10.206,-44.348793029785156,-26.647377014160156,-10.20623779296875,-0.06472166627645493,-0.056406352669000626,2.702094316482544,1
172,1776713735.2269442,1776713735.7671685,/home/sylva0/on_board/logs/images/0000000172.jpg,35.7684227,-78.6626793,10.129,-45.233985900878906,-26.18081283569336,-10.12959098815918,-0.033354684710502625,0.02352846786379814,2.526844024658203,1
173,1776713736.3455234,1776713736.8912873,/home/sylva0/on_board/logs/images/0000000173.jpg,35.7684144,-78.6626707,10.093,-46.160911560058594,-25.405357360839844,-10.093855857849121,0.007919203490018845,0.032741397619247437,2.772644519805908,1
174,1776713737.4661372,1776713738.0059407,/home/sylva0/on_board/logs/images/0000000174.jpg,35.7684091,-78.6626617,10.263,-46.745365142822266,-24.594560623168945,-10.263158798217773,0.08501513302326202,0.06300443410873413,2.6639838218688965,1
175,1776713738.5756042,1776713739.1119804,/home/sylva0/on_board/logs/images/0000000175.jpg,35.7684027,-78.6626579,10.261,-47.455631256103516,-24.247005462646484,-10.261157035827637,0.04066935181617737,0.07110416889190674,2.6760852336883545,1
176,1776713739.680179,1776713740.2144785,/home/sylva0/on_board/logs/images/0000000176.jpg,35.7683957,-78.6626588,10.066,-48.234954833984375,-24.3304386138916,-10.066339492797852,-0.05011020600795746,0.03950885310769081,2.6355113983154297,1
177,1776713740.7969558,1776713741.349765,/home/sylva0/on_board/logs/images/0000000177.jpg,35.7683904,-78.6626569,9.816,-48.82481002807617,-24.158489227294922,-9.81637191772461,0.00015973765403032303,0.005362525582313538,2.811650276184082,1
178,1776713741.916273,1776713742.449471,/home/sylva0/on_board/logs/images/0000000178.jpg,35.7683809,-78.6626494,9.798,-49.88425827026367,-23.47749137878418,-9.798568725585938,0.03074282594025135,0.026112735271453857,2.7232728004455566,1
179,1776713743.0169432,1776713743.5512545,/home/sylva0/on_board/logs/images/0000000179.jpg,35.7683734,-78.662645,9.924,-50.72262191772461,-23.082670211791992,-9.924139976501465,-0.08618032187223434,0.09415394067764282,2.0852885246276855,1
180,1776713744.1247659,1776713744.6659682,/home/sylva0/on_board/logs/images/0000000180.jpg,35.7683721,-78.6626368,10.043,-50.86808395385742,-22.342124938964844,-10.043688774108887,-0.11273045837879181,-0.09416060149669647,0.817925751209259,1
181,1776713745.246485,1776713745.78716,/home/sylva0/on_board/logs/images/0000000181.jpg,35.7683756,-78.6626268,10.176,-50.480140686035156,-21.434062957763672,-10.176213264465332,-0.1598784327507019,-0.018187854439020157,1.083753228187561,1
182,1776713746.9233294,1776713747.4379983,/home/sylva0/on_board/logs/images/0000000182.jpg,35.768388,-78.6626144,10.012,-49.09230422973633,-20.322114944458008,-10.012075424194336,-0.09193643182516098,0.01824348047375679,0.9702227115631104,1
183,1776713748.0114415,1776713748.556665,/home/sylva0/on_board/logs/images/0000000183.jpg,35.768394,-78.6626043,9.727,-48.60109329223633,-19.58362579345703,-9.794454574584961,-0.04588213562965393,-0.031577348709106445,1.0519356727600098,1
184,1776713749.1257246,1776713749.6612499,/home/sylva0/on_board/logs/images/0000000184.jpg,35.7683979,-78.6625942,9.664,-47.98808288574219,-18.47416877746582,-9.66435432434082,-0.08998659998178482,0.00849485956132412,1.0201404094696045,1
185,1776713750.2300854,1776713750.7711625,/home/sylva0/on_board/logs/images/0000000185.jpg,35.7684023,-78.662584,9.729,-47.50893020629883,-17.573604583740234,-9.729765892028809,-0.07126918435096741,-0.010485609993338585,1.0344641208648682,1
186,1776713751.3527246,1776713751.9024243,/home/sylva0/on_board/logs/images/0000000186.jpg,35.7684065,-78.6625728,9.771,-47.03687286376953,-16.561321258544922,-9.77186393737793,-0.07691922783851624,0.02154191955924034,1.0356324911117554,1
187,1776713752.4586172,1776713752.9867864,/home/sylva0/on_board/logs/images/0000000187.jpg,35.7684117,-78.662562,9.842,-46.45784378051758,-15.5875825881958,-9.842695236206055,-0.0560525581240654,0.003379588946700096,1.0281115770339966,1
188,1776713753.5584824,1776713754.0974088,/home/sylva0/on_board/logs/images/0000000188.jpg,35.7684152,-78.66255,9.903,-46.06440353393555,-14.505166053771973,-9.903670310974121,-0.09870146214962006,0.03424162045121193,1.0745699405670166,1
189,1776713754.6797605,1776713755.2286901,/home/sylva0/on_board/logs/images/0000000189.jpg,35.7684201,-78.6625384,9.922,-45.52140426635742,-13.449492454528809,-9.922306060791016,-0.0783722922205925,-0.005268501117825508,1.045888900756836,1
190,1776713755.791051,1776713756.3239348,/home/sylva0/on_board/logs/images/0000000190.jpg,35.7684236,-78.6625291,10.052,-45.136051177978516,-12.613900184631348,-10.052983283996582,-0.08759361505508423,-0.010866501368582249,1.0908664464950562,1
191,1776713756.898862,1776713757.4418833,/home/sylva0/on_board/logs/images/0000000191.jpg,35.7684283,-78.6625191,10.056,-44.61653137207031,-11.712230682373047,-10.056777000427246,-0.06733231246471405,-0.02085588499903679,1.11332106590271,1
192,1776713758.0064845,1776713758.540543,/home/sylva0/on_board/logs/images/0000000192.jpg,35.7684319,-78.662508,10.168,-44.20989227294922,-10.706787109375,-10.168163299560547,-0.10877633094787598,-0.016859957948327065,1.0811439752578735,1
193,1776713759.1116168,1776713759.6517818,/home/sylva0/on_board/logs/images/0000000193.jpg,35.7684358,-78.6624985,10.167,-43.773841857910156,-9.853315353393555,-10.167015075683594,-0.08286228030920029,-0.03690861165523529,1.1475545167922974,1
194,1776713760.2226038,1776713760.7657962,/home/sylva0/on_board/logs/images/0000000194.jpg,35.7684424,-78.6624877,10.149,-43.04502868652344,-8.873602867126465,-10.14926528930664,-0.024398669600486755,0.030825085937976837,1.0883573293685913,1
195,1776713761.3604667,1776713761.9203022,/home/sylva0/on_board/logs/images/0000000195.jpg,35.7684456,-78.6624747,10.064,-42.690425872802734,-7.70220422744751,-10.064908981323242,-0.13447923958301544,0.03541183099150658,1.0074421167373657,1
196,1776713762.4772243,1776713763.0033846,/home/sylva0/on_board/logs/images/0000000196.jpg,35.7684515,-78.6624638,9.866,-42.03159713745117,-6.717785358428955,-9.86601734161377,-0.056611284613609314,0.006948763504624367,1.1203563213348389,1
197,1776713763.5691829,1776713764.0985472,/home/sylva0/on_board/logs/images/0000000197.jpg,35.7684575,-78.662455,10.117,-41.35954666137695,-5.920490264892578,-10.117087364196777,-0.00363948754966259,0.02499515190720558,1.1342432498931885,1
198,1776713764.6726744,1776713765.2176616,/home/sylva0/on_board/logs/images/0000000198.jpg,35.7684618,-78.6624428,9.879,-40.877323150634766,-4.820422649383545,-9.879701614379883,-0.030729182064533234,0.0682382583618164,1.2025126218795776,1
199,1776713765.786553,1776713766.326081,/home/sylva0/on_board/logs/images/0000000199.jpg,35.7684639,-78.6624339,9.864,-40.6456298828125,-4.014309406280518,-9.864169120788574,-0.0585317462682724,0.01274830475449562,1.1666500568389893,1
200,1776713766.9081194,1776713767.4571133,/home/sylva0/on_board/logs/images/0000000200.jpg,35.768468,-78.6624246,9.809,-40.194759368896484,-3.1759114265441895,-9.80997085571289,-0.03579143434762955,0.030017826706171036,1.1837793588638306,1
201,1776713768.0186787,1776713768.5413785,/home/sylva0/on_board/logs/images/0000000201.jpg,35.7684728,-78.6624133,9.804,-39.655521392822266,-2.152308702468872,-9.804655075073242,-0.039498280733823776,0.02170262485742569,1.0893572568893433,1
202,1776713769.1152573,1776713769.657491,/home/sylva0/on_board/logs/images/0000000202.jpg,35.7684761,-78.6624046,9.82,-39.28727340698242,-1.3707867860794067,-9.820489883422852,-0.06954824179410934,0.005037203431129456,1.126680850982666,1
203,1776713770.2254333,1776713770.764689,/home/sylva0/on_board/logs/images/0000000203.jpg,35.7684799,-78.662396,9.828,-38.868812561035156,-0.5834270119667053,-9.828519821166992,-0.06518612056970596,0.02539704740047455,1.0998016595840454,1
204,1776713771.33669,1776713771.8766425,/home/sylva0/on_board/logs/images/0000000204.jpg,35.7684834,-78.6623855,9.88,-38.479530334472656,0.3681178092956543,-9.880108833312988,-0.10397855192422867,-0.01016660314053297,0.9156569838523865,1
205,1776713772.4590716,1776713773.008302,/home/sylva0/on_board/logs/images/0000000205.jpg,35.7684894,-78.662371,10.146,-37.7895622253418,1.6925016641616821,-10.145800590515137,-0.07829829305410385,0.04296296462416649,1.082332968711853,1
206,1776713773.890082,1776713774.7432227,/home/sylva0/on_board/logs/images/0000000206.jpg,35.7684964,-78.6623602,10.017,-37.033958435058594,2.648709774017334,-10.01712417602539,-0.042029593139886856,0.10900716483592987,1.1390390396118164,1
207,1776713775.331829,1776713775.8815415,/home/sylva0/on_board/logs/images/0000000207.jpg,35.7685024,-78.6623484,9.921,-36.366943359375,3.718740940093994,-9.921490669250488,-0.04077795520424843,0.03103700652718544,1.1541911363601685,1
208,1776713776.4598827,1776713777.0092044,/home/sylva0/on_board/logs/images/0000000208.jpg,35.7685072,-78.6623346,9.959,-35.82698059082031,4.958827495574951,-9.959447860717773,-0.04956760257482529,0.05018303915858269,1.150075078010559,1
209,1776713777.5727873,1776713778.1030104,/home/sylva0/on_board/logs/images/0000000209.jpg,35.7685114,-78.662326,9.88,-35.365325927734375,5.742586135864258,-9.880608558654785,-0.05351472645998001,0.041133854538202286,1.1299240589141846,1
210,1776713778.6714594,1776713779.2061822,/home/sylva0/on_board/logs/images/0000000210.jpg,35.7685148,-78.6623172,9.767,-34.98285675048828,6.533316135406494,-9.767375946044922,-0.09757127612829208,0.03066302463412285,0.9511979818344116,1
211,1776713779.7869859,1776713780.3346758,/home/sylva0/on_board/logs/images/0000000211.jpg,35.7685162,-78.6623079,9.783,-34.82964324951172,7.378604888916016,-9.783708572387695,-0.1206340491771698,-0.002117881551384926,0.9465901851654053,1
212,1776713780.9056206,1776713781.4453666,/home/sylva0/on_board/logs/images/0000000212.jpg,35.7685241,-78.6622961,9.905,-33.942047119140625,8.441818237304688,-9.905858039855957,-0.022290196269750595,0.083121657371521,1.1250759363174438,1
213,1776713782.0213392,1776713782.568426,/home/sylva0/on_board/logs/images/0000000213.jpg,35.7685299,-78.662286,9.895,-33.299442291259766,9.374775886535645,-9.892858505249023,-0.05848359316587448,0.03698103129863739,0.9339413642883301,1
214,1776713783.1286929,1776713783.6542113,/home/sylva0/on_board/logs/images/0000000214.jpg,35.7685336,-78.6622738,9.976,-32.89216995239258,10.451567649841309,-9.976004600524902,-0.08058704435825348,0.11332912743091583,1.0720081329345703,1
215,1776713784.224574,1776713784.7679071,/home/sylva0/on_board/logs/images/0000000215.jpg,35.7685387,-78.6622643,9.946,-32.32264709472656,11.317057609558105,-9.946836471557617,-0.02114792913198471,0.07384419441223145,1.0659276247024536,1
216,1776713785.3385928,1776713785.878926,/home/sylva0/on_board/logs/images/0000000216.jpg,35.7685428,-78.6622527,9.849,-31.862585067749023,12.364377975463867,-9.84987735748291,-0.06583863496780396,0.12072022259235382,1.055756688117981,1
217,1776713786.4502978,1776713786.9918816,/home/sylva0/on_board/logs/images/0000000217.jpg,35.7685464,-78.6622411,9.908,-31.46712303161621,13.40469741821289,-9.908730506896973,-0.12208808213472366,0.07874678075313568,1.065625548362732,1
218,1776713787.5742006,1776713788.1195498,/home/sylva0/on_board/logs/images/0000000218.jpg,35.7685508,-78.6622312,9.948,-30.970291137695312,14.302033424377441,-9.948760986328125,-0.08102934807538986,0.06676661968231201,1.047677993774414,1
219,1776713788.6837454,1776713789.2147782,/home/sylva0/on_board/logs/images/0000000219.jpg,35.7685562,-78.6622203,10.107,-30.369976043701172,15.291131019592285,-10.107843399047852,-0.05760197341442108,0.10373109579086304,1.1213715076446533,1
220,1776713789.7871976,1776713790.326772,/home/sylva0/on_board/logs/images/0000000220.jpg,35.7685589,-78.6622117,9.819,-30.068571090698242,16.06011962890625,-9.819374084472656,-0.07211284339427948,0.060385238379240036,1.021549105644226,1
221,1776713790.8996851,1776713791.4376686,/home/sylva0/on_board/logs/images/0000000221.jpg,35.7685632,-78.6622016,9.847,-29.594825744628906,16.977569580078125,-9.847386360168457,-0.08242186903953552,0.10029482841491699,1.012718677520752,1
222,1776713792.0092196,1776713792.5515049,/home/sylva0/on_board/logs/images/0000000222.jpg,35.7685711,-78.6621897,9.895,-28.710214614868164,18.0543155670166,-9.895779609680176,-0.06718634814023972,0.09761792421340942,1.07322359085083,1
223,1776713793.1166782,1776713793.6473887,/home/sylva0/on_board/logs/images/0000000223.jpg,35.7685769,-78.6621819,9.822,-28.072437286376953,18.758132934570312,-9.822993278503418,0.00016395282000303268,0.12951385974884033,1.048882007598877,1
224,1776713794.2168014,1776713794.752982,/home/sylva0/on_board/logs/images/0000000224.jpg,35.7685771,-78.6621768,9.798,-28.04729461669922,19.21959686279297,-9.798364639282227,-0.07572166621685028,0.12315843999385834,1.0126029253005981,1
225,1776713795.3296866,1776713795.8784006,/home/sylva0/on_board/logs/images/0000000225.jpg,35.7685767,-78.6621738,9.852,-28.0918025970459,19.483205795288086,-9.852270126342773,-0.08884769678115845,0.09395278990268707,1.0066648721694946,1
226,1776713796.4428687,1776713796.9761746,/home/sylva0/on_board/logs/images/0000000226.jpg,35.7685772,-78.6621737,10.092,-28.033660888671875,19.491891860961914,-10.092647552490234,-0.05074482411146164,0.09369593858718872,1.0790306329727173,1
227,1776713797.5638251,1776713798.1234539,/home/sylva0/on_board/logs/images/0000000227.jpg,35.7685776,-78.6621735,10.173,-27.992141723632812,19.51089096069336,-10.173479080200195,-0.04921717196702957,0.07803142070770264,1.1094510555267334,1
228,1776713798.6740808,1776713799.1958787,/home/sylva0/on_board/logs/images/0000000228.jpg,35.7685798,-78.6621721,10.284,-27.749204635620117,19.64045524597168,-10.284598350524902,0.0020996704697608948,0.14787855744361877,1.131057858467102,1
229,1776713799.7681851,1776713800.3136353,/home/sylva0/on_board/logs/images/0000000229.jpg,35.7685784,-78.6621738,10.257,-27.90036964416504,19.490936279296875,-10.257935523986816,-0.010294063948094845,0.07356974482536316,1.140893578529358,1
